hid,creation_date,operation_id,death_date,season,season_start_month,season_start_day,death_next_season,hive_age_next_season,aqhi_average,prcp_average,wspd_average,ndvi_average,tavg_average,o3_average,aqhi_skew,prcp_skew,wspd_skew,ndvi_skew,tavg_skew,o3_skew,aqhi_max,prcp_max,wspd_max,ndvi_max,tavg_max,o3_max,region,wspd_average_og,tavg_average_og,prcp_average_og,aqhi_average_og
55966,2022-04-24,159,2023-03-27,2022,4,1,False,337,0.9757167199566928,1.5079480291321088,2.2525992348153028,0.2063111959350245,2.856134743461479,49.80550203494143,0.3941875584261669,2.2747773197043,0.6400731760321117,0.3246710477403457,-0.5734641553831534,0.1922777056780267,5.0,41.9,21.7,0.4979133833663312,25.7,90.68833333333332, QC,9.512328767123288,17.39406392694064,4.517351598173516,2.65296803652968
55968,2022-04-24,159,2023-02-16,2022,4,1,True,298,1.0138520345356543,1.483657679390166,2.261434707838621,0.1932792067130805,2.8311606888240783,51.75417152704136,0.3260384611106885,2.273496022271269,0.7438028717346903,0.3940669229792314,-0.6024118129688065,0.1326542873498653,5.0,41.9,21.7,0.4815178082313248,25.7,90.68833333333332, QC,9.596747967479676,16.965040650406504,4.408943089430894,2.756097560975609
65906,2022-05-31,159,2023-03-24,2022,4,1,False,297,0.8977821210314878,1.3732618324687462,2.3286839674880784,0.2170975667965609,2.934408327875724,47.848614766940855,0.3016207003835751,2.8160253576140617,0.4599284616570242,0.3513584732640694,-0.3503308368862893,0.2439879624509362,4.0,52.0,19.9,0.4791534292074791,25.0,83.98166666666667, QC,10.264324324324324,18.81027027027027,3.948108108108108,2.454054054054054
82296,2022-08-16,159,2022-08-30,2022,4,1,True,14,0.7885028138766983,1.5574636845095355,2.0685617373333147,0.2116286710938911,2.964246766408028,42.6765,0.3048593697442999,1.81963780785989,0.9180876227525804,0.2788848651089244,-0.2790072933100141,0.4833531367875151,4.0,26.1,13.4,0.4190184722844471,23.9,75.42875, QC,7.913333333333333,19.38,4.746666666666667,2.2
76521,2022-06-26,159,2023-03-24,2022,4,1,False,271,0.8642537203062495,1.315594409733423,2.1842161207849897,0.2394507396502479,2.996035734967605,46.44497377244214,0.4452188017250457,1.898993188863684,0.1537276601676808,0.104319412524261,0.033204238506642,0.4451196308970708,4.0,26.5,15.8,0.4809403075338684,25.0,75.13208333333334, QC,8.88358208955224,20.00597014925373,3.726865671641791,2.373134328358209
75604,2022-06-23,159,2023-04-01,2022,4,1,False,282,0.8755104031525353,1.295928011849972,2.183330081655677,0.2306543336182886,2.992947685900154,46.73525465838509,0.4486487201124143,1.9441661747288008,0.1852626489252053,0.2584472389468726,0.0016674031137559,0.4216351170212858,4.0,26.5,15.8,0.4655200114802041,25.0,75.13208333333334, QC,8.875714285714285,19.944285714285712,3.6542857142857135,2.4
65909,2022-05-31,159,2023-04-01,2022,4,1,False,305,0.8955771384229232,1.3732618324687462,2.326733589221352,0.2234733955986779,2.932020365632515,47.76654044261653,0.2963030038249923,2.8160253576140617,0.4740504958616365,0.2987048575979925,-0.4685814484007868,0.2392969028583076,4.0,52.0,19.9,0.4990831400447208,25.0,83.98166666666667, QC,10.244324324324324,18.765405405405406,3.948108108108108,2.4486486486486485
67027,2022-06-01,159,2023-04-01,2022,4,1,False,304,0.9108514850809556,1.3978641935928058,2.3053235803495657,0.2096875290762441,2.938328400468918,47.739975706818726,0.3475630033477535,2.339463612110253,0.533311672082281,0.4053736420372721,-0.3587732249199387,0.3059526124809712,5.0,38.6,19.9,0.4809403075338684,25.0,83.17833333333333, QC,10.027322404371583,18.884153005464483,4.046448087431694,2.4863387978142075
56682,2022-05-08,159,2023-02-15,2022,4,1,True,283,0.9894501754991571,1.5225110459799378,2.258445460388971,0.1837502659136449,2.8603329304992924,50.67691966516742,0.4547178411755645,2.216346526929881,0.7818593964466949,0.4079773071102138,-0.4082640302024308,0.2192301440740838,5.0,41.9,21.7,0.4815178082313248,25.7,90.68833333333332, QC,9.568103448275863,17.467241379310344,4.583620689655173,2.689655172413793
56412,2022-05-01,159,2023-03-03,2022,4,1,True,306,1.0138520345356543,1.483657679390166,2.261434707838621,0.1830276217623597,2.8311606888240783,51.75417152704136,0.3260384611106885,2.273496022271269,0.7438028717346903,0.5178673876208676,-0.6024118129688065,0.1326542873498653,5.0,41.9,21.7,0.4815178082313248,25.7,90.68833333333332, QC,9.596747967479676,16.965040650406504,4.408943089430894,2.756097560975609
55976,2022-04-24,159,2022-12-30,2022,4,1,True,250,1.0138520345356543,1.483657679390166,2.261434707838621,0.1897908933529115,2.8311606888240783,51.75417152704136,0.3260384611106885,2.273496022271269,0.7438028717346903,0.5110139661435787,-0.6024118129688065,0.1326542873498653,5.0,41.9,21.7,0.4815178082313248,25.7,90.68833333333332, QC,9.596747967479676,16.965040650406504,4.408943089430894,2.756097560975609
56408,2022-05-01,159,2023-04-01,2022,4,1,False,335,1.0138520345356543,1.483657679390166,2.261434707838621,0.1870517357811379,2.8311606888240783,51.75417152704136,0.3260384611106885,2.273496022271269,0.7438028717346903,0.5361100340890409,-0.6024118129688065,0.1326542873498653,5.0,41.9,21.7,0.4815178082313248,25.7,90.68833333333332, QC,9.596747967479676,16.965040650406504,4.408943089430894,2.756097560975609
64851,2022-05-30,159,2023-04-01,2022,4,1,False,306,0.9248050205258508,1.4917305654026225,2.2398145399942666,0.2148781819371005,2.8910272167949045,47.41265706907185,0.39219678065242,2.376147688263824,0.4700007771642248,0.2810716436857463,-0.1771093309972689,0.1502469571972851,5.0,41.9,16.5,0.4908532937953517,25.7,83.92375, QC,9.391489361702128,18.011702127659575,4.44468085106383,2.521276595744681
68077,2022-06-03,159,2022-12-28,2022,4,1,True,208,0.9503132474268275,1.412064682445314,2.223966812728756,0.2241989573066117,2.941613744383125,49.25538405797101,0.610254478175866,2.3508661985586423,0.5112832081000326,0.2462515582181233,-0.3104618553300725,0.3451678953449304,5.0,41.9,19.5,0.4842368600261976,25.7,90.56875, QC,9.243827160493828,18.946296296296296,4.1043209876543205,2.58641975308642
69404,2022-06-07,159,2023-02-24,2022,4,1,True,262,1.0849873309146685,1.44007922919076,2.5099382104120744,0.2168500299223858,2.984717531066861,50.73071147202561,0.5061528319338235,2.5696531928723108,0.725350158243535,0.4082709107525357,-0.2617082473148472,0.4616395839846783,6.0,41.9,27.4,0.4823109538829918,27.4,99.56958333333334, QC,12.30406976744186,19.780813953488373,4.22093023255814,2.959302325581396
72099,2022-06-14,159,2023-03-03,2022,4,1,True,262,1.1580945119245667,1.509875748478799,2.4422070776008424,0.231770302125278,3.019783321202757,48.648153970023536,0.4411048682963652,3.467834118485832,0.9318242896337336,0.1053125303212617,-0.2602181657121667,0.7611140904666389,6.0,66.9,27.4,0.4871074706749257,27.2,97.15541666666668, QC,11.498290598290598,20.48675213675213,4.526068376068376,3.183760683760684
68076,2022-06-03,159,2022-06-14,2022,4,1,True,11,0.8824305586527186,1.4586382782430578,2.413688089005456,0.1379614644175272,2.741921159717336,46.57583333333333,0.2830066462384793,1.218886863378415,-0.6209321510966852,1.2874943753475605,-0.222829698879436,-0.4058584337439366,4.0,18.6,15.1,0.3909405633631345,19.0,65.43166666666666, QC,11.175,15.516666666666666,4.3,2.4166666666666665
76525,2022-06-26,159,2022-08-23,2022,4,1,True,58,0.8938587842762516,1.3935578750823128,2.189705113840984,0.2288231344124069,2.973177115364139,46.86650006193484,0.56561084456775,2.5734614482401104,0.3830004828907558,0.2324610838617478,0.0016195901055589,0.3236176775872199,5.0,41.9,15.8,0.5298792428274703,25.7,83.92375, QC,8.932478632478631,19.553846153846155,4.029059829059829,2.4444444444444446
77142,2022-06-28,159,2023-04-01,2022,4,1,False,277,0.8945578119921542,1.5210488035908627,2.162980792038979,0.2180295982942635,2.943066783075131,46.12020150501672,0.5564384013464075,2.4737023207876496,0.7177756946727423,0.1395702406138712,0.2201633889815038,0.3809584633306917,5.0,41.9,15.6,0.4815178082313248,25.7,83.92375, QC,8.696923076923076,18.97384615384616,4.576923076923077,2.4461538461538463
61122,2022-05-25,159,2023-04-01,2022,4,1,False,311,1.06769642317548,1.4398588244496229,2.0437532962949603,0.208790858901086,2.9732872582234724,47.55269115942029,0.1810210894864886,2.827056951735868,0.8488405878131514,0.462629335879002,-0.2388221315076713,0.4229305872774174,5.0,54.3,16.5,0.5045916353211176,27.3,87.82666666666667, QC,7.719428571428572,19.556,4.22,2.9085714285714284
79498,2022-07-13,159,2023-03-03,2022,4,1,True,233,0.8587039910211695,1.6856764704198977,2.131571361082752,0.2090343659814,2.97082976393678,44.4340536231884,0.644850246438607,2.14857278845068,0.8913975473646805,0.3411967736903955,0.102291823406251,0.2773667243719588,5.0,41.9,15.6,0.4818592734188966,25.7,76.53, QC,8.427999999999999,19.508,5.396,2.36
79586,2022-07-13,159,2023-03-03,2022,4,1,True,233,0.8587039910211695,1.6856764704198977,2.131571361082752,0.2215818260746676,2.97082976393678,44.4340536231884,0.644850246438607,2.14857278845068,0.8913975473646805,0.0615106536531687,0.102291823406251,0.2773667243719588,5.0,41.9,15.6,0.4818592734188966,25.7,76.53, QC,8.427999999999999,19.508,5.396,2.36
79590,2022-07-13,159,2022-07-23,2022,4,1,True,10,1.0678750044105494,1.1225980735397445,2.2560755534947536,0.2174196403702205,3.0235291538249647,53.62013010540184,1.2587679082108456,2.4198871553619856,0.682782598403115,-0.3851598017893497,-0.2436196355773644,0.1757502762330681,5.0,22.1,15.6,0.356748505617103,25.3,76.53, QC,9.545454545454543,20.56363636363637,3.072727272727273,2.909090909090909
80928,2022-08-05,159,2023-03-03,2022,4,1,True,210,0.7115454089323137,1.8831489540630568,2.040270864311781,0.2197121456698888,2.942493032458774,38.76115740740741,0.4790463700392147,1.9146361654953072,0.5553032059675583,0.5188850377901016,0.3175063408882262,0.8414654820252054,4.0,41.9,13.4,0.4818592734188966,25.7,75.42875, QC,7.692592592592592,18.96296296296296,6.574074074074074,2.037037037037037
46955,2022-03-17,159,2023-02-24,2022,4,1,True,344,1.0105414240040231,1.4318040500076727,2.414765636650308,0.192323833176723,2.902353438345803,49.85646679107735,0.330060081486141,3.942505601067175,1.0444890484638587,0.5302047005039853,-0.6699870795215837,0.3671067830726671,6.0,86.8,27.4,0.4919724074410597,27.4,99.56958333333334, QC,11.187048192771083,18.21686746987952,4.186144578313253,2.746987951807229
56406,2022-05-01,159,2023-02-24,2022,4,1,True,299,1.109747667228756,1.437270446110951,2.4770291726768487,0.186856721139674,2.928707960449819,52.82552570903543,0.3765859852246664,2.492121861520868,0.8297132215007746,0.5079830367420972,-0.7252126682484875,0.3220761721052683,6.0,41.9,27.4,0.4928718957850759,27.4,99.56958333333334, QC,11.90574162679426,18.70334928229665,4.209090909090909,3.0334928229665072
76524,2022-06-26,159,2023-03-03,2022,4,1,True,250,0.8842437208174798,1.437075560123265,2.1786005084000517,0.2354049085212351,2.969609553320672,46.42960907704043,0.5268426490914964,2.40260992845851,0.4287750040574611,0.2031058566293749,0.0597011727849445,0.3851919525633633,5.0,41.9,15.8,0.4842368600261976,25.7,83.92375, QC,8.833834586466166,19.484210526315792,4.20827067669173,2.421052631578948
46954,2022-03-17,159,2023-04-01,2022,4,1,False,380,0.9163307310741764,1.420489877520216,2.265832683452444,0.2108398508120052,2.8795919058367168,48.02233402346445,0.4019238881080137,3.90126308009013,0.7563551273212256,0.3308768280292557,-0.7340195294693205,0.3573304743225416,5.0,86.8,22.8,0.4979133833663312,25.7,90.68833333333332, QC,9.63904761904762,17.80690476190476,4.139047619047619,2.5
60253,2022-05-23,159,2023-02-15,2022,4,1,True,268,0.9378782146009448,1.5180824962923145,2.242614446645467,0.2146303531639255,2.8755820137271013,47.9606494834266,0.352721408376534,2.2775799412435656,0.3982934604149607,0.1975893407328532,-0.2763696883085472,0.1382668625073807,5.0,41.9,16.5,0.4815178082313248,25.7,83.92375, QC,9.41782178217822,17.735643564356437,4.563366336633663,2.5544554455445545
61501,2022-05-25,159,2023-02-15,2022,4,1,True,266,0.9383087682621376,1.5380827290747905,2.2427599179490088,0.1860497158209155,2.885257636825449,47.7806583955497,0.3505634471838302,2.246023189391425,0.4145842301900752,0.627445573504476,-0.1215434377431305,0.1607987095078328,5.0,41.9,16.5,0.4815178082313248,25.7,83.92375, QC,9.41919191919192,17.908080808080808,4.655555555555555,2.555555555555556
61502,2022-05-25,159,2023-02-15,2022,4,1,True,266,0.9383087682621376,1.5380827290747905,2.2427599179490088,0.2157659083495731,2.885257636825449,47.7806583955497,0.3505634471838302,2.246023189391425,0.4145842301900752,0.433700450442711,-0.1215434377431305,0.1607987095078328,5.0,41.9,16.5,0.4815178082313248,25.7,83.92375, QC,9.41919191919192,17.908080808080808,4.655555555555555,2.555555555555556
69406,2022-06-07,159,2023-02-15,2022,4,1,True,253,0.9116689048767592,1.508225371170633,2.2407203275172445,0.2026551642266859,2.910838272790666,47.10361160262892,0.4613364846227847,2.3915380436501072,0.4820336372059123,0.4857622756897499,-0.2278129647422068,0.2023059448444393,5.0,41.9,16.5,0.4815178082313248,25.7,83.92375, QC,9.4,18.37209302325581,4.518604651162791,2.488372093023256
69405,2022-06-07,159,2023-02-15,2022,4,1,True,253,0.9116689048767592,1.508225371170633,2.2407203275172445,0.2174292221578301,2.910838272790666,47.10361160262892,0.4613364846227847,2.3915380436501072,0.4820336372059123,0.3693028962551379,-0.2278129647422068,0.2023059448444393,5.0,41.9,16.5,0.4815178082313248,25.7,83.92375, QC,9.4,18.37209302325581,4.518604651162791,2.488372093023256
55975,2022-04-24,159,2023-02-16,2022,4,1,True,298,1.0138520345356543,1.483657679390166,2.261434707838621,0.1810898182097187,2.8311606888240783,51.75417152704136,0.3260384611106885,2.273496022271269,0.7438028717346903,0.5445181400390153,-0.6024118129688065,0.1326542873498653,5.0,41.9,21.7,0.4979133833663312,25.7,90.68833333333332, QC,9.596747967479676,16.965040650406504,4.408943089430894,2.756097560975609
65116,2022-05-31,159,2023-04-01,2022,4,1,False,305,0.9184788737789856,1.5024256151757558,2.243233726104633,0.2104190306288611,2.8920485472367123,47.20080391927692,0.4051430626079436,2.359192196202656,0.4530449773793464,0.5069169539662532,-0.1924567470401474,0.1703280563069598,5.0,41.9,16.5,0.4842368600261976,25.7,83.92375, QC,9.423655913978497,18.03010752688172,4.49247311827957,2.505376344086021
64641,2022-05-30,159,2023-03-27,2022,4,1,False,301,0.9248050205258508,1.4917305654026225,2.2398145399942666,0.2079305074099258,2.8910272167949045,47.41265706907185,0.39219678065242,2.376147688263824,0.4700007771642248,0.4376618353259052,-0.1771093309972689,0.1502469571972851,5.0,41.9,16.5,0.4823109538829918,25.7,83.92375, QC,9.391489361702128,18.011702127659575,4.44468085106383,2.521276595744681
60243,2022-05-23,159,2023-04-01,2022,4,1,False,313,1.066107968086103,1.4177406081569088,2.476499326097682,0.205219352680861,2.9614559292677622,47.65797383935151,0.1900907339080366,2.488683495120145,0.8353141452635443,0.4288569002794036,-0.371624639287358,0.4082890890830274,5.0,41.9,27.4,0.4823109538829918,27.4,87.82666666666667, QC,11.899435028248586,19.32598870056497,4.127683615819209,2.903954802259887
60242,2022-05-23,159,2023-02-19,2022,4,1,True,272,1.0039035663700295,1.4173299123736225,2.259829556657201,0.2066079896203931,2.9452170587806425,48.9816618152788,0.6492081682073931,2.9845918733454577,0.5131896315064293,0.3780465974549936,-0.4093433273078793,0.4791301273807519,6.0,53.4,20.8,0.4823109538829918,26.4,97.15541666666668, QC,9.58135593220339,19.014689265536724,4.125988700564972,2.7288135593220337
73018,2022-06-16,159,2023-04-01,2022,4,1,False,289,1.0766190414930852,1.4084575539259956,2.499298932985448,0.2227801693837596,2.9970436029281644,47.22692616273563,0.1799801086900927,2.556546296917238,0.7620781562839618,0.2361119465496609,-0.3344045169994504,0.5088133657795854,5.0,41.9,27.4,0.4823109538829918,27.4,87.82666666666667, QC,12.173856209150326,20.02614379084968,4.089542483660131,2.934640522875817
72977,2022-06-16,159,2023-04-01,2022,4,1,False,289,1.10082182840714,1.4393011131706543,2.4035331232349666,0.226853122696728,2.9966192330302905,51.35231997726627,0.5028317954848606,2.7770290077188897,0.6713869011528623,0.3042148141289061,-0.2802190962936405,0.481601437568088,6.0,44.8,22.5,0.5229389153541674,27.6,99.56958333333334, QC,11.062091503267974,20.017647058823528,4.2176470588235295,3.0065359477124183
72556,2022-06-15,159,2023-04-01,2022,4,1,False,290,0.9163307310741764,1.5182438140347752,2.213904911737417,0.2307776743779443,2.9244757154871466,47.04157283537718,0.4739537054969949,2.365180015396438,0.6378393534714886,0.1646306442030578,-0.3124514153026244,0.2930696491764261,5.0,41.9,16.5,0.4919724074410597,25.7,83.92375, QC,9.15128205128205,18.624358974358977,4.564102564102564,2.5
64640,2022-05-30,159,2023-04-01,2022,4,1,False,306,0.9248050205258508,1.4917305654026225,2.2398145399942666,0.2234566234053535,2.8910272167949045,47.41265706907185,0.39219678065242,2.376147688263824,0.4700007771642248,0.2957129670393459,-0.1771093309972689,0.1502469571972851,5.0,41.9,16.5,0.5013552963363356,25.7,83.92375, QC,9.391489361702128,18.011702127659575,4.44468085106383,2.521276595744681
76523,2022-06-26,159,2023-04-01,2022,4,1,False,279,0.987311216860908,1.4246545693085204,2.293995085906107,0.2270817101722706,2.987890515224912,45.39223088455772,0.5863440422933572,2.341267962756319,1.0891215839816606,0.1753671291283716,0.0002935934502007,0.515704118546648,6.0,41.9,24.0,0.4842368600261976,25.7,83.92375, QC,9.914367816091954,19.84367816091954,4.15632183908046,2.683908045977012
72101,2022-06-14,159,2023-04-01,2022,4,1,False,291,1.191264162702288,1.6090781008742412,2.5108929605403376,0.2253250187869489,3.0144222816224886,47.83506003485599,0.3368312602108266,3.3411709926505573,0.8592469291411206,0.2235974133201817,-0.2583527807323806,0.6747305486229584,6.0,66.9,27.4,0.4776029996931793,27.2,91.22458333333331, QC,12.315822784810129,20.37721518987341,4.998101265822785,3.2911392405063293
65910,2022-05-31,159,2023-04-01,2022,4,1,False,305,0.8955771384229232,1.3732618324687462,2.327261093712756,0.2243117614216628,2.9320491702260427,47.72252692910302,0.2963030038249923,2.8160253576140617,0.4692763223802212,0.167357324696827,-0.4641392933831908,0.2481441027347991,4.0,52.0,19.9,0.4730846732009756,25.0,83.98166666666667, QC,10.24972972972973,18.765945945945944,3.948108108108108,2.4486486486486485
65908,2022-05-31,159,2023-04-01,2022,4,1,False,305,0.8955771384229232,1.3732618324687462,2.325994615142339,0.2230507740188667,2.9321931807494286,47.79891656874266,0.2963030038249925,2.8160253576140617,0.4798698211001026,0.3114172463177031,-0.4433206000859132,0.2363325031458142,4.0,52.0,19.9,0.4979133833663312,25.0,83.98166666666667, QC,10.236756756756757,18.768648648648647,3.948108108108108,2.4486486486486485
76519,2022-06-26,159,2023-03-24,2022,4,1,False,271,0.8642537203062495,1.315594409733423,2.1842161207849897,0.2387487627547937,2.996035734967605,46.44497377244214,0.4452188017250457,1.898993188863684,0.1537276601676808,0.3086478974899759,0.033204238506642,0.4451196308970708,4.0,26.5,15.8,0.4609721242980561,25.0,75.13208333333334, QC,8.88358208955224,20.00597014925373,3.726865671641791,2.373134328358209
76520,2022-06-26,159,2023-04-01,2022,4,1,False,279,0.8642537203062495,1.315594409733423,2.1842161207849897,0.2301749232532927,2.996035734967605,46.44497377244214,0.4452188017250457,1.898993188863684,0.1537276601676808,0.3707876012265604,0.033204238506642,0.4451196308970708,4.0,26.5,15.8,0.5045916353211176,25.0,75.13208333333334, QC,8.88358208955224,20.00597014925373,3.726865671641791,2.373134328358209
55973,2022-04-24,159,2023-02-15,2022,4,1,True,297,1.0138520345356543,1.483657679390166,2.261434707838621,0.1777786230163554,2.8311606888240783,51.75417152704136,0.3260384611106885,2.273496022271269,0.7438028717346903,0.5677252927033927,-0.6024118129688065,0.1326542873498653,5.0,41.9,21.7,0.4815178082313248,25.7,90.68833333333332, QC,9.596747967479676,16.965040650406504,4.408943089430894,2.756097560975609
82864,2022-08-31,159,2023-04-01,2022,4,1,False,213,9.999500033329732e-05,2.42481157523666,2.4069541172867166,0.4217814122821725,2.906906524313319,31.835833333333337,,,,,,,1.0,11.3,11.1,0.4217814122821725,18.3,31.835833333333337, QC,11.1,18.3,11.3,1.0
56414,2022-05-01,159,2023-02-24,2022,4,1,True,299,1.090639441496032,1.4840167010955938,2.0719499732707787,0.1924598397399411,2.9340657709505127,49.61185384161986,0.117659888985356,3.1442283518541565,1.0260132665230106,0.4065956827850487,-0.693457638836403,0.3429027080047203,5.0,59.8,21.7,0.4815178082313248,27.3,90.68833333333332, QC,7.940191387559809,18.80382775119617,4.410526315789474,2.976076555023924
69136,2022-06-05,159,2022-09-02,2022,4,1,True,89,0.9298744180867208,1.235764768749979,2.265554198618343,0.2163966562173386,2.953197639060348,48.21045825098815,0.5500022505931449,2.073118351372593,0.7430501685484359,0.400392592061789,-0.4525415739040062,0.5600130531213331,5.0,26.5,19.9,0.4724336638822793,25.0,83.17833333333333, QC,9.636363636363637,19.16704545454545,3.440909090909091,2.534090909090909
68015,2022-06-02,159,2023-04-01,2022,4,1,False,303,0.922230217916631,1.474338968935562,2.3170462377993104,0.2262775686158457,2.917808121438063,48.08094537346712,0.4502361242089527,2.24788797519201,0.5921989680380323,0.0941103029688346,-0.3571423005731064,0.2466100750308432,5.0,41.9,19.9,0.4823109538829918,25.7,83.92375, QC,10.145562130177517,18.50059171597633,4.368047337278107,2.514792899408284
67028,2022-06-01,159,2023-04-01,2022,4,1,False,304,0.9108514850809556,1.3978641935928058,2.3053235803495657,0.216548800583082,2.938328400468918,47.739975706818726,0.3475630033477535,2.339463612110253,0.533311672082281,0.2912894436970023,-0.3587732249199387,0.3059526124809713,5.0,38.6,19.9,0.4796531099562586,25.0,83.17833333333333, QC,10.027322404371583,18.884153005464483,4.046448087431694,2.4863387978142075
72097,2022-06-14,159,2023-04-01,2022,4,1,False,291,1.191264162702288,1.6090781008742412,2.5108929605403376,0.228888266788278,3.0144222816224886,47.83506003485599,0.3368312602108266,3.341170992650558,0.8592469291411206,0.1738889869066067,-0.2583527807323805,0.6747305486229583,6.0,66.9,27.4,0.5045916353211176,27.2,91.22458333333331, QC,12.315822784810129,20.37721518987341,4.998101265822785,3.2911392405063293
72100,2022-06-14,159,2023-04-01,2022,4,1,False,291,1.1988615590100506,1.5175881828042184,2.3129260558422,0.2353048161622933,3.0353275467284235,47.6469028087452,0.2895109820880482,3.4623900730701904,1.0559543152918116,0.1374235694369384,-0.2774765350356041,0.6758385804620438,6.0,66.9,27.4,0.5495979762972371,27.3,91.22458333333331, QC,10.103846153846154,20.807692307692307,4.561111111111111,3.3162393162393164
65117,2022-05-31,159,2023-04-01,2022,4,1,False,305,0.967622025539724,1.5627717541242283,2.2761673250498764,0.2276851030252,2.936626795134808,49.06755979320281,0.4345397349654952,4.006298947753768,0.5243405848459619,0.3386505944903078,-0.4051960126767837,0.2490910573307339,5.0,80.8,19.4,0.4842368600261976,25.7,89.8525, QC,9.739181286549709,18.85204678362573,4.771929824561403,2.631578947368421
77143,2022-06-28,159,2022-08-16,2022,4,1,True,49,0.9242985832756834,1.464204026244048,2.1842631621597355,0.2308199007224347,2.939590401683664,46.93273695652174,0.6698858948606433,2.647295213378841,0.6740359183235588,-0.0626317052548857,0.3115314030287044,0.3719214573340821,5.0,41.9,15.6,0.4815178082313248,25.7,83.92375, QC,8.884,18.908,4.324,2.52
61083,2022-05-25,159,2023-02-19,2022,4,1,True,270,1.089076490931835,1.45557719056497,2.393948533620467,0.1999768474348669,2.9670439566158717,51.15946403726708,0.5065218047469245,2.676670753871242,0.6805853048406102,0.5216865035903956,-0.2026364045730551,0.4146345493274782,6.0,44.8,22.5,0.5255727382238947,27.6,99.56958333333334, QC,10.95657142857143,19.43428571428572,4.286857142857143,2.9714285714285715
79589,2022-07-13,159,2023-03-03,2022,4,1,True,233,0.8587039910211695,1.6856764704198977,2.131571361082752,0.229156180112852,2.97082976393678,44.4340536231884,0.644850246438607,2.14857278845068,0.8913975473646805,0.2526999438037781,0.102291823406251,0.2773667243719588,5.0,41.9,15.6,0.4818592734188966,25.7,76.53, QC,8.427999999999999,19.508,5.396,2.36
79588,2022-07-13,159,2022-09-26,2022,4,1,True,75,0.8587039910211695,1.6856764704198977,2.131571361082752,0.2486403197867418,2.97082976393678,44.4340536231884,0.644850246438607,2.14857278845068,0.8913975473646805,-0.0663217236992185,0.102291823406251,0.2773667243719588,5.0,41.9,15.6,0.4818592734188966,25.7,76.53, QC,8.427999999999999,19.508,5.396,2.36
79587,2022-07-13,159,2022-08-06,2022,4,1,True,24,0.9858541072594724,1.330808077901754,2.2144203238305904,0.2108237244858883,3.0066771591785133,49.50242391304348,1.124253818475773,2.482503744591251,0.7888688963511911,0.0107315422011628,0.0615978343976015,0.2940566555416761,5.0,31.4,15.6,0.4516714715880429,25.3,76.53, QC,9.156,20.22,3.784,2.68
79564,2022-07-13,159,2023-04-01,2022,4,1,False,262,0.8587039910211695,1.6856764704198977,2.131571361082752,0.2244404659929131,2.97082976393678,44.4340536231884,0.644850246438607,2.14857278845068,0.8913975473646805,0.3338141507792821,0.102291823406251,0.2773667243719588,5.0,41.9,15.6,0.4818592734188966,25.7,76.53, QC,8.427999999999999,19.508,5.396,2.36
79591,2022-07-13,159,2023-02-27,2022,4,1,True,229,0.8587039910211695,1.6856764704198977,2.131571361082752,0.2347933523551643,2.97082976393678,44.4340536231884,0.644850246438607,2.14857278845068,0.8913975473646805,0.2568949076325175,0.102291823406251,0.2773667243719588,5.0,41.9,15.6,0.4820274327819973,25.7,76.53, QC,8.427999999999999,19.508,5.396,2.36
79566,2022-07-13,159,2022-07-23,2022,4,1,True,10,1.0678750044105494,1.1225980735397445,2.2560755534947536,0.2085451780506098,3.0235291538249647,53.62013010540184,1.2587679082108456,2.4198871553619856,0.682782598403115,-0.2171850859650097,-0.2436196355773644,0.1757502762330681,5.0,22.1,15.6,0.3381265858684931,25.3,76.53, QC,9.545454545454543,20.56363636363637,3.072727272727273,2.909090909090909
72098,2022-06-14,159,2023-04-01,2022,4,1,False,291,1.191264162702288,1.6090781008742412,2.5108929605403376,0.2369319492740471,3.0144222816224886,47.83506003485599,0.3368312602108265,3.3411709926505586,0.8592469291411204,0.1567510093436181,-0.2583527807323805,0.6747305486229583,6.0,66.9,27.4,0.4906766725222503,27.2,91.22458333333331, QC,12.315822784810129,20.37721518987341,4.998101265822785,3.2911392405063293
56411,2022-05-01,159,2023-04-01,2022,4,1,False,335,0.9827306159168956,1.467392883211395,2.317017801760843,0.1998714555733806,2.874076103329423,50.79151418631481,0.4287566460336299,2.198862824366216,0.6931718762765268,0.4553020867268107,-0.8185013695881603,0.2505892524195409,5.0,41.9,21.7,0.517340583148171,25.7,90.68833333333332, QC,10.145273631840796,17.708955223880597,4.337810945273632,2.671641791044776
56407,2022-05-01,159,2023-03-03,2022,4,1,True,306,1.0138520345356543,1.483657679390166,2.261434707838621,0.1956922095319481,2.8311606888240783,51.75417152704136,0.3260384611106885,2.273496022271269,0.7438028717346903,0.3675041664045073,-0.6024118129688065,0.1326542873498653,5.0,41.9,21.7,0.4837888437848248,25.7,90.68833333333332, QC,9.596747967479676,16.965040650406504,4.408943089430894,2.756097560975609
55970,2022-04-24,159,2023-04-01,2022,4,1,False,342,0.9550352575750548,1.4364611056365155,2.252041350398271,0.2105607915941103,2.8880334446030704,49.30575341718773,0.4380284896477683,2.337122053205732,0.7251495734913945,0.3381642521387148,-0.6976597095134809,0.2645199309698241,5.0,41.9,21.7,0.4823109538829918,25.7,90.68833333333332, QC,9.507023411371238,17.957859531772574,4.205685618729097,2.59866220735786
61688,2022-05-25,159,2023-02-15,2022,4,1,True,266,0.9383087682621376,1.5380827290747905,2.2427599179490088,0.2066377522685904,2.885257636825449,47.7806583955497,0.3505634471838302,2.246023189391425,0.4145842301900752,0.5077457679579097,-0.1215434377431305,0.1607987095078328,5.0,41.9,16.5,0.4833589573892041,25.7,83.92375, QC,9.41919191919192,17.908080808080808,4.655555555555555,2.555555555555556
61577,2022-05-25,159,2023-02-15,2022,4,1,True,266,0.9383087682621376,1.5380827290747905,2.2427599179490088,0.1936916419038982,2.885257636825449,47.7806583955497,0.3505634471838302,2.246023189391425,0.4145842301900752,0.6306784996431005,-0.1215434377431305,0.1607987095078328,5.0,41.9,16.5,0.4815178082313248,25.7,83.92375, QC,9.41919191919192,17.908080808080808,4.655555555555555,2.555555555555556
61687,2022-05-25,159,2023-02-15,2022,4,1,True,266,0.9383087682621376,1.5380827290747905,2.2427599179490088,0.2068904762245416,2.885257636825449,47.7806583955497,0.3505634471838302,2.246023189391425,0.4145842301900752,0.3581482622668189,-0.1215434377431305,0.1607987095078328,5.0,41.9,16.5,0.4815178082313248,25.7,83.92375, QC,9.41919191919192,17.908080808080808,4.655555555555555,2.555555555555556
55969,2022-04-24,159,2023-02-15,2022,4,1,True,297,1.0138520345356543,1.483657679390166,2.261434707838621,0.1892104104906445,2.8311606888240783,51.75417152704136,0.3260384611106885,2.273496022271269,0.7438028717346903,0.3937079077861282,-0.6024118129688065,0.1326542873498653,5.0,41.9,21.7,0.4815178082313248,25.7,90.68833333333332, QC,9.596747967479676,16.965040650406504,4.408943089430894,2.756097560975609
65184,2022-05-31,159,2023-02-15,2022,4,1,True,260,0.9184788737789856,1.5024256151757558,2.243233726104633,0.2099162713289304,2.8920485472367123,47.20080391927692,0.4051430626079436,2.359192196202656,0.4530449773793464,0.4703778351385526,-0.1924567470401474,0.1703280563069598,5.0,41.9,16.5,0.4815178082313248,25.7,83.92375, QC,9.423655913978497,18.03010752688172,4.49247311827957,2.505376344086021
55972,2022-04-24,159,2023-04-01,2022,4,1,False,342,1.0138520345356543,1.483657679390166,2.261434707838621,0.1821164667645856,2.8311606888240783,51.75417152704136,0.3260384611106885,2.273496022271269,0.7438028717346903,0.6351141256152077,-0.6024118129688065,0.1326542873498653,5.0,41.9,21.7,0.4815178082313248,25.7,90.68833333333332, QC,9.596747967479676,16.965040650406504,4.408943089430894,2.756097560975609
55974,2022-04-24,159,2023-04-01,2022,4,1,False,342,1.0138520345356543,1.483657679390166,2.261434707838621,0.1832736613125827,2.8311606888240783,51.75417152704136,0.3260384611106885,2.273496022271269,0.7438028717346903,0.5033825362782399,-0.6024118129688065,0.1326542873498653,5.0,41.9,21.7,0.4815178082313248,25.7,90.68833333333332, QC,9.596747967479676,16.965040650406504,4.408943089430894,2.756097560975609
63176,2022-05-28,159,2023-02-19,2022,4,1,True,267,1.048422453660028,1.474925311495574,2.4602098847099154,0.2120754438939027,2.9667367063933834,47.3526487065607,0.4949403973376871,2.423542933850172,0.8079929504729977,0.4100231038642156,-0.2483507517364817,0.3827736278578101,6.0,41.9,27.4,0.4902164105837103,27.4,90.45041666666668, QC,11.707168458781362,19.42831541218638,4.370609318996416,2.8530465949820787
56409,2022-05-01,159,2023-04-01,2022,4,1,False,335,1.0138520345356543,1.483657679390166,2.261434707838621,0.195322548077105,2.8311606888240783,51.75417152704136,0.3260384611106885,2.273496022271269,0.7438028717346903,0.3613517565835555,-0.6024118129688065,0.1326542873498653,5.0,41.9,21.7,0.4815178082313248,25.7,90.68833333333332, QC,9.596747967479676,16.965040650406504,4.408943089430894,2.756097560975609
72557,2022-06-15,159,2023-03-03,2022,4,1,True,261,0.9163307310741764,1.5182438140347752,2.213904911737417,0.2406761557603363,2.9244757154871466,47.04157283537718,0.4739537054969949,2.365180015396438,0.6378393534714886,0.1306454199699914,-0.3124514153026244,0.2930696491764261,5.0,41.9,16.5,0.4990585671950551,25.7,83.92375, QC,9.15128205128205,18.624358974358977,4.564102564102564,2.5
69134,2022-06-05,159,2023-04-01,2022,4,1,False,300,0.9298744180867208,1.235764768749979,2.265554198618343,0.2271784912095409,2.953197639060348,48.21045825098815,0.5500022505931449,2.073118351372593,0.7430501685484359,0.3926380480824712,-0.4525415739040062,0.5600130531213331,5.0,26.5,19.9,0.5083040497330031,25.0,83.17833333333333, QC,9.636363636363637,19.16704545454545,3.440909090909091,2.534090909090909
65902,2022-05-31,159,2023-05-14,2023,4,1,True,348,1.3499526425388708,0.9091625293537964,2.7497924577656225,0.1508401580113566,2.3265903614035808,73.40885416666666,-0.6659616235894468,2.7934273426350167,1.118579504888762,0.8274149038627538,0.4346015414674838,0.4176130721002143,5.0,23.3,26.2,0.4088415159357249,16.5,89.375, QC,15.639285714285714,10.242857142857144,2.482142857142857,3.857142857142857
65913,2022-06-01,159,2024-03-05,2023,4,1,True,643,0.9944924965204894,1.5971880665509004,2.4757266339546384,0.1815110252263579,2.815487729007665,48.36533028455285,0.4446331187876796,3.474720976593153,0.4586822977264991,0.4008527417803661,-0.7224419284307803,-7.653868412405787,6.0,71.0,26.2,0.4934596542864206,25.7,104.69666666666669, QC,11.890243902439025,16.701219512195124,4.939024390243903,2.703252032520325
157146,2023-05-15,159,2024-04-01,2023,4,1,False,322,0.915373373430492,1.7480099647284837,2.270754106990793,0.1902519536959636,2.8669798467407848,43.591757575757576,0.6167926462666163,3.649830027131746,0.3865724570123457,0.3755947129966729,-0.8751189049930325,-7.70883970795751,6.0,81.1,18.2,0.5249530467736552,24.7,102.46041666666667, QC,9.686602870813395,17.583732057416267,5.743062200956937,2.4976076555023923
75662,2022-06-23,159,2024-03-05,2023,4,1,True,621,1.0167974380540252,1.544291813804771,2.4526943769530702,0.1704198903083929,2.814343111213492,48.21487804878049,0.4393660590498967,4.305678946104409,0.2340593561770139,0.8491165068895595,-0.7754691903376407,-7.773593967250944,6.0,71.0,23.2,0.4926083742912714,24.6,100.76166666666668, QC,11.61951219512195,16.682113821138213,4.684552845528455,2.7642276422764227
64851,2022-05-30,159,2024-04-01,2023,4,1,False,672,0.9778134294963208,1.6573950545530918,2.2212447890639604,0.1702182131831845,2.794557173575161,46.55939701897019,0.4616454371658496,3.9394043868138655,0.7481305716174163,0.595219556804144,-0.6341623711641987,-7.735277433381317,6.0,81.1,19.9,0.4799421468808068,24.3,102.46041666666667, QC,9.21869918699187,16.35528455284553,5.2455284552845525,2.658536585365854
170834,2023-06-03,159,2024-04-01,2023,4,1,False,303,0.7910247688195292,1.844086580894173,2.005240189097921,0.1791783888676589,2.912235319798731,36.45819351851851,0.4711085117721704,3.179311351127227,1.1454183891285297,0.5333950632117399,-0.4718381843201894,-8.055850894712483,5.0,81.1,20.3,0.5050047015671622,24.7,79.5725, QC,7.427777777777778,18.397777777777776,6.322222222222222,2.205555555555556
170835,2023-06-03,159,2024-04-01,2023,4,1,False,303,0.7910247688195292,1.844086580894173,2.005240189097921,0.1729024105683402,2.912235319798731,36.45819351851851,0.4711085117721704,3.1793113511272275,1.1454183891285297,0.5732967339528297,-0.4718381843201894,-8.055850894712485,5.0,81.1,20.3,0.5050047015671622,24.7,79.5725, QC,7.427777777777778,18.397777777777776,6.322222222222222,2.205555555555556
186958,2023-06-27,159,2024-04-01,2023,4,1,False,279,0.7376467680741049,1.9740949148144489,2.114257536236265,0.1704193024144673,2.948026316873692,34.62209595959596,0.6290761878376241,3.3385153036339195,0.4465238068470646,0.655482288946808,-0.1848982406688108,-7.202793450690958,4.0,81.1,14.7,0.4795039758204678,24.3,76.94958333333334, QC,8.283333333333333,19.068181818181817,7.2,2.090909090909091
162341,2023-05-23,159,2024-04-01,2023,4,1,False,314,0.8529822394195897,1.7999929724719448,2.119245315018506,0.1836604806737807,2.8808713813539266,40.30484323432343,0.7631328759994629,3.60274858428934,0.7875873097293742,0.3977170071813513,-0.5085433296112882,-7.997201940465716,5.0,81.1,17.2,0.4902654706649423,24.3,93.90625, QC,8.324752475247525,17.829702970297028,6.0495049504950495,2.3465346534653464
63666,2022-05-29,159,2024-04-01,2023,4,1,False,673,1.0108979299810263,1.490640276879416,2.3989385569173804,0.190049756182961,2.8095066668404183,49.071700542005416,0.3618224141698337,5.585641949378558,0.3543081176780394,0.2964420340061077,-0.7855338139221782,-7.9019219710575,6.0,84.8,23.2,0.4804751995022991,24.3,101.56541666666668, QC,11.01138211382114,16.601626016260163,4.439837398373984,2.747967479674797
157060,2023-05-14,159,2024-03-05,2023,4,1,True,296,0.962518308058585,1.585538212677973,2.4146231731010546,0.1897643338411531,2.858407200508565,45.16007575757576,0.7126212946850358,4.298444738536078,0.1503883262949691,0.3066560107195669,-0.9874471440951148,-7.739901219779938,6.0,71.0,18.2,0.4934596542864206,24.6,100.76166666666668, QC,11.185454545454546,17.433636363636364,4.881818181818182,2.618181818181818
162523,2023-05-23,159,2024-03-05,2023,4,1,True,287,0.9023729410498184,1.645817770108891,2.3820275596297984,0.1856377237823292,2.894384652549156,42.1217698019802,0.68164725471527,4.153768185563402,0.0959502598854221,0.1209671605621974,-0.7129484523801299,-7.97026117708236,5.0,71.0,18.2,0.4085583515033993,24.6,93.96625, QC,10.826732673267326,18.07227722772277,5.185148514851486,2.4653465346534653
157061,2023-05-14,159,2024-03-26,2023,4,1,False,317,0.9659843838794028,1.539816921643593,2.368467313236219,0.1800470745944878,2.8542268348993893,46.212030303030296,0.5632021938427824,5.47664645843747,0.1704584051308921,0.2509332222322229,-0.993420958883645,-7.808929542796537,6.0,84.8,17.9,0.434897446959866,24.3,101.56541666666668, QC,10.680909090909092,17.360909090909093,4.663636363636364,2.6272727272727274
194039,2023-08-04,159,2023-10-26,2023,4,1,True,83,0.7282867750680428,1.5001235589047257,1.9479631422626813,0.2208855732368246,2.8965092342039,40.11852678571428,0.7126795857887324,2.1695789014211115,0.2634398911562108,0.2359725999991271,-0.5881624661327682,0.4176364019122823,4.0,29.9,11.1,0.5081964106975693,21.3,68.47041666666667, QC,7.014285714285714,18.110714285714288,4.482142857142857,2.071428571428572
189541,2023-07-07,159,2024-03-08,2023,4,1,True,245,0.8188794892394977,2.0251022595948487,2.419424191218144,0.1939447926006056,2.924318361467047,36.74700892857143,-0.0229030613131079,2.872092705061573,-0.1094687762380278,0.2841858685451424,-0.1180907551552099,-6.70449514948703,4.0,66.1,16.5,0.4475997681545504,22.9,67.77125, QC,11.239285714285714,18.62142857142857,7.576785714285714,2.267857142857143
63177,2022-05-28,159,2024-03-08,2023,4,1,True,650,1.0945724321081416,1.6175952821474244,2.4095874065053597,0.1695219645701622,2.850030630501995,46.65554708672087,0.3995195150473991,3.8056985400767487,0.9679618619342244,0.8006247416080527,-0.6981315699154691,-7.849076952863946,7.0,81.1,33.7,0.5561796778289189,27.2,102.46041666666667, QC,11.129268292682928,17.28821138211382,5.0408536585365855,2.9878048780487805
64640,2022-05-30,159,2024-04-01,2023,4,1,False,672,0.950709142481402,1.7011724450966297,2.2977853865314826,0.1846418200509776,2.838953183587356,45.4617014200299,0.4725971377876884,3.745162378517245,0.3938674551038946,0.5108199562102043,-0.8079664049335482,-7.707486549074973,6.0,81.1,19.9,0.4934596542864206,24.7,102.46041666666667, QC,9.952017937219733,17.097757847533632,5.4802690582959634,2.587443946188341
170831,2023-06-03,159,2023-10-31,2023,4,1,True,150,0.7910247688195292,1.844086580894173,2.005240189097921,0.1874892636484834,2.912235319798731,36.45819351851851,0.4711085117721704,3.1793113511272275,1.1454183891285297,0.250317866297034,-0.4718381843201894,-8.055850894712485,5.0,81.1,20.3,0.5050047015671622,24.7,79.5725, QC,7.427777777777778,18.397777777777776,6.322222222222222,2.205555555555556
170836,2023-06-03,159,2023-12-19,2023,4,1,True,199,0.7910247688195292,1.844086580894173,2.005240189097921,0.1733236496348316,2.912235319798731,36.45819351851851,0.4711085117721704,3.1793113511272275,1.1454183891285297,0.7026891966440001,-0.4718381843201894,-8.055850894712485,5.0,81.1,20.3,0.5050047015671622,24.7,79.5725, QC,7.427777777777778,18.397777777777776,6.322222222222222,2.205555555555556
69137,2022-06-05,159,2024-03-26,2023,4,1,False,660,1.0108979299810263,1.490640276879416,2.3989385569173804,0.1874080668682792,2.8095066668404183,49.071700542005416,0.3618224141698337,5.585641949378558,0.3543081176780394,0.5340935882338494,-0.7855338139221782,-7.9019219710575,6.0,84.8,23.2,0.4985233720295463,24.3,101.56541666666668, QC,11.01138211382114,16.601626016260163,4.439837398373984,2.747967479674797
75650,2022-06-23,159,2024-03-05,2023,4,1,True,621,1.0167974380540252,1.544291813804771,2.4526943769530702,0.1876454056442242,2.814343111213492,48.21487804878049,0.4393660590498967,4.305678946104409,0.2340593561770139,0.3969424845070032,-0.7754691903376407,-7.773593967250944,6.0,71.0,23.2,0.5027795112587741,24.6,100.76166666666668, QC,11.61951219512195,16.682113821138213,4.684552845528455,2.7642276422764227
76522,2022-06-26,159,2024-03-05,2023,4,1,True,618,1.0167974380540252,1.544291813804771,2.4526943769530702,0.179569373244302,2.814343111213492,48.21487804878049,0.4393660590498967,4.305678946104409,0.2340593561770139,0.5022462209655782,-0.7754691903376407,-7.773593967250944,6.0,71.0,23.2,0.4711382566106664,24.6,100.76166666666668, QC,11.61951219512195,16.682113821138213,4.684552845528455,2.7642276422764227
157058,2023-05-14,159,2024-03-05,2023,4,1,True,296,0.962518308058585,1.585538212677973,2.4146231731010546,0.2026935103981462,2.858407200508565,45.16007575757576,0.7126212946850358,4.298444738536078,0.1503883262949691,0.469929483606709,-0.9874471440951148,-7.739901219779938,6.0,71.0,18.2,0.4822883016478347,24.6,100.76166666666668, QC,11.185454545454546,17.433636363636364,4.881818181818182,2.618181818181818
157145,2023-05-15,159,2024-04-01,2023,4,1,False,322,0.915373373430492,1.7480099647284837,2.270754106990793,0.1846348243759247,2.8669798467407848,43.591757575757576,0.6167926462666165,3.649830027131746,0.3865724570123456,0.4914520486744625,-0.8751189049930325,-7.708839707957511,6.0,81.1,18.2,0.4839465728874652,24.7,102.46041666666667, QC,9.686602870813395,17.583732057416267,5.743062200956937,2.4976076555023923
193726,2023-08-01,159,2024-03-04,2023,4,1,True,216,0.7091967270450001,1.5105303666348897,2.1835221660454818,0.1775618709703239,2.847350325776044,40.04155913978495,0.752406910576568,1.3543548610462732,0.2534401439028412,0.6812069502946151,-0.3918291605517851,0.4333146163096113,4.0,19.5,14.7,0.4717672490348688,20.8,68.47041666666667, QC,8.87741935483871,17.241935483870968,4.529032258064516,2.032258064516129
64699,2022-05-30,159,2024-04-01,2023,4,1,False,672,0.950709142481402,1.7011724450966297,2.2977853865314826,0.1768478024990971,2.838953183587356,45.4617014200299,0.4725971377876884,3.745162378517243,0.3938674551038978,0.6066504376097792,-0.8079664049335501,-7.7074865490749715,6.0,81.1,19.9,0.4934596542864206,24.7,102.46041666666667, QC,9.952017937219733,17.097757847533632,5.4802690582959634,2.587443946188341
156705,2023-05-12,159,2024-03-05,2023,4,1,True,298,0.9718984201509708,1.5813896401960352,2.4237047780615564,0.17793867318774,2.854318467603113,45.692354910714286,0.6564848450194322,4.320019903432096,0.1459334295462373,0.605263779847479,-0.9410172312385494,-7.739887342373915,6.0,71.0,18.2,0.4809135112269042,24.6,100.76166666666668, QC,11.2875,17.3625,4.861607142857143,2.642857142857143
170826,2023-06-03,159,2024-04-01,2023,4,1,False,303,0.7680948794095763,1.8973016350531573,2.10346862119908,0.1960178339566697,2.9017322906223257,36.83748611111111,0.8148941023524399,3.421791371059373,0.9146358396885196,0.5364379416953962,-0.4265337784536432,-8.09339446217135,5.0,81.1,17.2,0.4795039758204678,24.3,80.01958333333333, QC,8.194444444444445,18.20555555555556,6.667777777777778,2.1555555555555554
65236,2022-05-31,159,2024-03-28,2023,4,1,False,667,0.9778134294963208,1.6573950545530918,2.2212447890639604,0.1671499434819059,2.794557173575161,46.55939701897019,0.4616454371658496,3.9394043868138655,0.7481305716174163,0.7288894609381609,-0.6341623711641987,-7.735277433381317,6.0,81.1,19.9,0.4826105302975121,24.3,102.46041666666667, QC,9.21869918699187,16.35528455284553,5.2455284552845525,2.658536585365854
188790,2023-07-04,159,2024-04-01,2023,4,1,False,272,0.7587912873463094,1.9204207239367548,2.2705623713539214,0.1723250355265835,2.944622637590119,33.88323093220339,0.2863079834498612,3.5804808252691336,0.2459433111495298,0.7346790051501724,-0.0775373922812506,-6.937485335165224,4.0,81.1,16.7,0.4737164239188366,24.6,68.53, QC,9.684745762711865,19.003389830508475,6.823728813559322,2.135593220338983
76518,2022-06-26,159,2024-03-05,2023,4,1,True,618,1.0108979299810263,1.490640276879416,2.3989385569173804,0.1760411584621341,2.8095066668404183,49.071700542005416,0.3618224141698337,5.585641949378558,0.3543081176780394,0.6230614993888763,-0.7855338139221782,-7.9019219710575,6.0,84.8,23.2,0.483895302531336,24.3,101.56541666666668, QC,11.01138211382114,16.601626016260163,4.439837398373984,2.747967479674797
160679,2023-05-19,159,2024-04-01,2023,4,1,False,318,0.9370658086903298,1.5751628920128695,2.3505681288019105,0.1817875309044949,2.8788294753749035,44.720682539682535,0.6692028816274012,5.3634424782327175,0.1930945686340217,0.6943349417271681,-0.6722562993953215,-7.850068235232302,6.0,84.8,17.9,0.4935563142015867,24.3,101.56541666666668, QC,10.491428571428573,17.793333333333333,4.831428571428572,2.552380952380952
69135,2022-06-05,159,2024-03-05,2023,4,1,True,639,1.0108979299810263,1.490640276879416,2.3989385569173804,0.1729441593879076,2.8095066668404183,49.071700542005416,0.3618224141698337,5.585641949378558,0.3543081176780394,0.2546964894208405,-0.7855338139221782,-7.9019219710575,6.0,84.8,23.2,0.4660631469929934,24.3,101.56541666666668, QC,11.01138211382114,16.601626016260163,4.439837398373984,2.747967479674797
156706,2023-05-12,159,2024-03-05,2023,4,1,True,298,0.9718984201509708,1.5813896401960352,2.4237047780615564,0.1725137290415299,2.854318467603113,45.692354910714286,0.6564848450194322,4.320019903432096,0.1459334295462373,0.6490984662625059,-0.9410172312385494,-7.739887342373915,6.0,71.0,18.2,0.4826105302975121,24.6,100.76166666666668, QC,11.2875,17.3625,4.861607142857143,2.642857142857143
156707,2023-05-12,159,2024-03-05,2023,4,1,True,298,0.9718984201509708,1.5813896401960352,2.4237047780615564,0.1715150533167693,2.854318467603113,45.692354910714286,0.6564848450194322,4.320019903432096,0.1459334295462373,0.6532509226817426,-0.9410172312385494,-7.739887342373915,6.0,71.0,18.2,0.5285255983420578,24.6,100.76166666666668, QC,11.2875,17.3625,4.861607142857143,2.642857142857143
162481,2023-05-23,159,2024-03-05,2023,4,1,True,287,0.9023729410498184,1.645817770108891,2.3820275596297984,0.1877650925945519,2.894384652549156,42.1217698019802,0.68164725471527,4.153768185563402,0.0959502598854221,0.5809825455621547,-0.7129484523801299,-7.97026117708236,5.0,71.0,18.2,0.4855076976147374,24.6,93.96625, QC,10.826732673267326,18.07227722772277,5.185148514851486,2.4653465346534653
157147,2023-05-15,159,2024-04-01,2023,4,1,False,322,0.849060333856697,1.770158973722894,2.070680838782025,0.1911274184607577,2.8840656376027307,39.61090913654618,0.8976517067293063,3.435300146889234,0.7979202427688791,0.4597880228005651,-0.9877864258302326,-7.3796371415022355,6.0,81.1,17.2,0.4795039758204678,24.7,102.46041666666667, QC,7.930120481927712,17.886746987951806,5.871686746987951,2.3373493975903616
150996,2023-05-05,159,2024-04-01,2023,4,1,False,332,0.9954650082717428,1.4691357989827274,2.385528747221401,0.1884057770072147,2.8284128633971912,48.01543417366947,0.4456169028604657,5.659044650831153,0.1167405757345539,0.4333506770115928,-0.8070571225794809,-7.940010630864025,6.0,84.8,17.9,0.4643694608138131,24.3,101.56541666666668, QC,10.864705882352942,16.91848739495798,4.345378151260505,2.7058823529411766
192466,2023-07-20,159,2024-03-26,2023,4,1,False,250,0.7831411151034525,1.5985756011472825,2.331353748771721,0.1909934827465119,2.8885455816469587,32.240436274509804,0.1974619266073299,1.7317008423208309,0.0779602128228366,0.542187065291363,-0.0481809002004665,-5.9155083127122765,4.0,29.4,16.7,0.4835217402255339,24.0,68.53, QC,10.291764705882352,17.967058823529413,4.945882352941176,2.188235294117648
76523,2022-06-26,159,2024-04-01,2023,4,1,False,645,1.0932110071069143,1.6652299098640393,2.4247756010968824,0.1781955204960826,2.837192647107384,47.18869664634146,0.4232579724036784,3.812467063129049,0.7708461396775578,0.5040797127456,-0.712246938733685,-7.887038741266914,7.0,84.8,30.7,0.4934596542864206,27.4,102.46041666666667, QC,11.29959349593496,17.067682926829267,5.286788617886178,2.983739837398374
72101,2022-06-14,159,2024-04-01,2023,4,1,False,657,1.1684188368593351,1.7162300369970498,2.4905449477952364,0.1687961570215145,2.870426638967053,48.1613696928636,0.3874833569547896,3.823736532729905,0.7965411892359846,0.6008306816258431,-0.7308617395646486,-8.032776449448221,7.0,84.8,30.7,0.4926083742912714,27.4,101.56541666666668, QC,12.067750677506774,17.644444444444446,5.5634146341463415,3.21680216802168
196601,2023-08-28,159,2024-03-26,2023,4,1,False,211,0.693197179309987,1.820525076714898,2.448856239243834,0.0819468027682057,2.8228718190495328,41.77020833333333,0.0,1.1433345304711473,-1.088510460933546,0.2956534208579502,-0.5416514819038762,-0.6088440119827541,3.0,23.3,13.5,0.165030488784099,19.5,51.57333333333333, QC,11.575,16.825,6.175,2.0
170825,2023-06-03,159,2024-03-28,2023,4,1,False,299,0.7680948794095763,1.8973016350531573,2.10346862119908,0.1719882947964041,2.9017322906223257,36.83748611111111,0.8148941023524399,3.421791371059373,0.9146358396885196,0.7887185094244574,-0.4265337784536432,-8.09339446217135,5.0,81.1,17.2,0.4795039758204678,24.3,80.01958333333333, QC,8.194444444444445,18.20555555555556,6.667777777777778,2.1555555555555554
170828,2023-06-03,159,2024-03-28,2023,4,1,False,299,0.825680158267462,1.844086580894173,2.005240189097921,0.1796514931767166,2.912235319798731,37.59476990740741,0.5923566274162066,3.179311351127227,1.14541838912853,0.6711700069769334,-0.4718381843201893,-8.073645093468995,5.0,81.1,20.3,0.5249530467736552,24.7,80.01958333333333, QC,7.427777777777778,18.397777777777776,6.322222222222222,2.283333333333333
188580,2023-07-03,159,2024-03-05,2023,4,1,True,246,0.7885028138766983,1.800900892145311,2.337318187730834,0.1952034365025301,2.940312934881132,35.7509375,0.1336306209562115,4.667190054376371,-0.0195320587621249,0.2332970677106303,-0.1463700423227994,-6.944102395288034,4.0,84.8,16.8,0.4717672490348688,24.3,73.03041666666667, QC,10.353333333333332,18.921666666666667,6.055000000000001,2.2
157063,2023-05-14,159,2024-04-01,2023,4,1,False,323,0.9659843838794028,1.539816921643593,2.368467313236219,0.1921260630122618,2.8542268348993893,46.212030303030296,0.5632021938427824,5.47664645843747,0.1704584051308921,0.3250701241489088,-0.993420958883645,-7.808929542796537,6.0,84.8,17.9,0.4352394398017499,24.3,101.56541666666668, QC,10.680909090909092,17.360909090909093,4.663636363636364,2.6272727272727274
186956,2023-06-27,159,2024-04-01,2023,4,1,False,279,0.7376467680741049,1.9740949148144489,2.114257536236265,0.1706987244958817,2.948026316873692,34.62209595959596,0.6290761878376241,3.3385153036339195,0.4465238068470646,0.5866277606351805,-0.1848982406688108,-7.202793450690958,4.0,81.1,14.7,0.4795039758204678,24.3,76.94958333333334, QC,8.283333333333333,19.068181818181817,7.2,2.090909090909091
150993,2023-05-05,159,2024-04-01,2023,4,1,False,332,0.9954650082717428,1.4691357989827274,2.385528747221401,0.1930781494313111,2.8284128633971912,48.01543417366947,0.4456169028604657,5.659044650831153,0.1167405757345539,0.1730891230190604,-0.8070571225794809,-7.940010630864025,6.0,84.8,17.9,0.436072266437659,24.3,101.56541666666668, QC,10.864705882352942,16.91848739495798,4.345378151260505,2.7058823529411766
67962,2022-06-02,159,2024-03-28,2023,4,1,False,665,0.9778134294963208,1.6573950545530918,2.2212447890639604,0.174797375936196,2.794557173575161,46.55939701897019,0.4616454371658496,3.9394043868138655,0.7481305716174163,0.6945477122559832,-0.6341623711641987,-7.735277433381317,6.0,81.1,19.9,0.5285255983420578,24.3,102.46041666666667, QC,9.21869918699187,16.35528455284553,5.2455284552845525,2.658536585365854
186955,2023-06-27,159,2024-04-01,2023,4,1,False,279,0.7376467680741049,1.9740949148144489,2.114257536236265,0.1846280855195887,2.948026316873692,34.62209595959596,0.6290761878376241,3.3385153036339195,0.4465238068470646,0.6503395052557966,-0.1848982406688108,-7.202793450690958,4.0,81.1,14.7,0.5032840218721825,24.3,76.94958333333334, QC,8.283333333333333,19.068181818181817,7.2,2.090909090909091
55971,2022-04-24,159,2023-05-30,2023,4,1,True,401,1.3863193608073958,0.4077513814812036,2.520925125863933,0.1894639312599672,2.3427764887286733,73.54629166666668,0.7905694150420948,2.4990730791377938,0.3033338253632995,0.4431844865981086,0.1379185432117125,0.4298160042814708,6.0,13.2,19.9,0.4335295453290551,18.1,102.46041666666667, QC,12.44,10.41,1.5033333333333334,4.0
68015,2022-06-02,159,2024-04-01,2023,4,1,False,669,1.0029773858669426,1.6170709827123693,2.374499016544606,0.1750794622795246,2.79920243433401,48.39765018066848,0.4008808453971836,4.348012615185565,0.4057513590036913,0.6577079509200529,-0.7130747973956127,-7.756392019609636,6.0,84.8,24.3,0.4884809388617465,24.8,102.46041666666667, QC,10.745528455284552,16.431436314363143,5.038211382113821,2.7262872628726287
170832,2023-06-03,159,2024-04-01,2023,4,1,False,303,0.7910247688195292,1.844086580894173,2.005240189097921,0.1812588416727176,2.912235319798731,36.45819351851851,0.4711085117721704,3.1793113511272275,1.1454183891285297,0.3332380894628608,-0.4718381843201894,-8.055850894712485,5.0,81.1,20.3,0.47094510561714,24.7,79.5725, QC,7.427777777777778,18.397777777777776,6.322222222222222,2.205555555555556
65117,2022-05-31,159,2024-04-01,2023,4,1,False,671,1.0138520345356543,1.6330786930425158,2.362191986834788,0.1742467225899439,2.817975388467333,48.23279697380308,0.4437058258645766,4.310935420694288,0.4687534617120532,0.6513452524109554,-0.7215242516539628,-7.759119989830453,6.0,84.8,23.9,0.5929584146222417,25.3,102.46041666666667, QC,10.614092140921407,16.742818428184282,5.119512195121951,2.756097560975609
156710,2023-05-12,159,2023-10-29,2023,4,1,True,170,0.9718984201509708,1.5813896401960352,2.4237047780615564,0.171915379183411,2.854318467603113,45.692354910714286,0.6564848450194322,4.320019903432096,0.1459334295462373,0.2986593906967634,-0.9410172312385494,-7.739887342373915,6.0,71.0,18.2,0.4784359209928798,24.6,100.76166666666668, QC,11.2875,17.3625,4.861607142857143,2.642857142857143
75728,2022-06-23,159,2024-03-05,2023,4,1,True,621,1.0167974380540252,1.544291813804771,2.4526943769530702,0.187516662428459,2.814343111213492,48.21487804878049,0.4393660590498967,4.305678946104409,0.2340593561770139,0.6163494974168966,-0.7754691903376407,-7.773593967250944,6.0,71.0,23.2,0.5081964106975693,24.6,100.76166666666668, QC,11.61951219512195,16.682113821138213,4.684552845528455,2.7642276422764227
186957,2023-06-27,159,2024-04-01,2023,4,1,False,279,0.7376467680741049,1.9740949148144489,2.114257536236265,0.1899404021569827,2.948026316873692,34.62209595959596,0.6290761878376241,3.3385153036339195,0.4465238068470646,0.5433476363455807,-0.1848982406688108,-7.202793450690958,4.0,81.1,14.7,0.4795039758204678,24.3,76.94958333333334, QC,8.283333333333333,19.068181818181817,7.2,2.090909090909091
188636,2023-07-03,159,2024-04-01,2023,4,1,False,273,0.750352815507182,1.8841521045457388,2.2354319747015072,0.1909016122730973,2.9402781455949496,34.32293067226891,0.3189397858250532,3.951086875455708,0.2783305614406577,0.3504102244218026,-0.0986647385451831,-6.942755480947017,4.0,84.8,16.8,0.4884809388617465,24.3,73.03041666666667, QC,9.350420168067227,18.921008403361345,6.580672268907564,2.117647058823529
63649,2022-05-29,159,2023-05-05,2023,4,1,True,341,1.3350273821755594,1.7647479199812053,2.647599314192992,0.10123164093022,2.0041925341774225,75.92699999999999,-1.4999999999999991,1.1512105280031857,0.9516503446499271,0.2363852674576153,-0.3621919717905584,-0.7551392155238913,4.0,18.1,23.2,0.239325637505192,8.8,87.11166666666666, QC,14.12,7.42,5.840000000000001,3.8
56410,2022-05-01,159,2023-10-17,2023,4,1,True,534,1.0029773858669426,1.6170709827123693,2.374499016544606,0.1794049270822709,2.79920243433401,48.39765018066848,0.4008808453971836,4.348012615185566,0.4057513590036914,0.6361448557141751,-0.7130747973956126,-7.756392019609637,6.0,84.8,24.3,0.5128677116216204,24.8,102.46041666666667, QC,10.745528455284552,16.431436314363143,5.038211382113821,2.7262872628726287
60252,2022-05-23,159,2024-03-26,2023,4,1,False,673,0.9778134294963208,1.6573950545530918,2.2212447890639604,0.1797405153276601,2.794557173575161,46.55939701897019,0.4616454371658496,3.9394043868138655,0.7481305716174163,0.601349337512687,-0.6341623711641987,-7.735277433381317,6.0,81.1,19.9,0.4934596542864206,24.3,102.46041666666667, QC,9.21869918699187,16.35528455284553,5.2455284552845525,2.658536585365854
185247,2023-06-23,159,2024-02-27,2023,4,1,True,249,0.7355906629075893,1.90400101994882,2.020256330019701,0.1872138717020225,2.9549154873535057,34.15009251968504,0.5956210567719592,3.1794253989825365,0.6854854435523182,0.3989205390743822,-0.1839313045311854,-7.12736486405857,4.0,81.1,16.2,0.4795039758204678,24.7,76.94958333333334, QC,7.540157480314961,19.2,6.71259842519685,2.0866141732283463
170829,2023-06-03,159,2024-04-01,2023,4,1,False,303,0.825680158267462,1.844086580894173,2.005240189097921,0.1845690637673956,2.912235319798731,37.59476990740741,0.5923566274162066,3.179311351127227,1.14541838912853,0.4584479859326111,-0.4718381843201893,-8.073645093468995,5.0,81.1,20.3,0.4934596542864206,24.7,80.01958333333333, QC,7.427777777777778,18.397777777777776,6.322222222222222,2.283333333333333
170830,2023-06-03,159,2024-03-28,2023,4,1,False,299,0.825680158267462,1.844086580894173,2.005240189097921,0.1870632092788493,2.912235319798731,37.59476990740741,0.5923566274162066,3.179311351127227,1.14541838912853,0.3000878381036438,-0.4718381843201893,-8.073645093468995,5.0,81.1,20.3,0.4934596542864206,24.7,80.01958333333333, QC,7.427777777777778,18.397777777777776,6.322222222222222,2.283333333333333
192817,2023-07-24,159,2023-10-03,2023,4,1,True,71,0.7432051609792291,1.3583689485298434,1.9315359042518176,0.1896784095525594,2.901427088573149,30.431559829059832,0.3900030851499779,2.418328024491167,0.2525350980809702,0.0221402051510048,0.0563680661715559,-5.6766753334543445,4.0,29.9,11.1,0.3945093736618918,23.6,68.47041666666667, QC,6.9,18.2,3.889743589743589,2.102564102564102
167461,2023-05-30,159,2024-03-26,2023,4,1,False,301,0.8086078999767847,1.8538171896587736,2.1006373886495937,0.1638007007743449,2.9040539692217058,38.28159574468085,0.8665466090615512,3.4952713475109527,0.9260696354586456,0.6654561669481768,-0.451433045799872,-8.04217493950825,5.0,81.1,17.2,0.4795039758204678,24.3,80.01958333333333, QC,8.171276595744681,18.24787234042553,6.38404255319149,2.24468085106383
65907,2022-05-31,159,2024-03-05,2023,4,1,True,644,0.968543755775698,1.6115881638272045,2.4493478327314664,0.1813860552926752,2.839101164095284,46.55000960614793,0.537782629450624,3.687393730410981,0.4334318310111856,0.6398407832636809,-0.8203759186404228,-7.716870522116526,6.0,71.0,26.2,0.4934596542864206,25.7,104.69666666666669, QC,11.580691642651296,17.100288184438043,5.010662824207493,2.634005763688761
186954,2023-06-27,159,2024-04-01,2023,4,1,False,279,0.7376467680741049,1.9740949148144489,2.114257536236265,0.1918711927924324,2.948026316873692,34.62209595959596,0.6290761878376241,3.3385153036339195,0.4465238068470646,0.5854024041186853,-0.1848982406688108,-7.202793450690958,4.0,81.1,14.7,0.5032840218721825,24.3,76.94958333333334, QC,8.283333333333333,19.068181818181817,7.2,2.090909090909091
170833,2023-06-03,159,2024-04-01,2023,4,1,False,303,0.7910247688195292,1.844086580894173,2.005240189097921,0.1848170265606055,2.912235319798731,36.45819351851851,0.4711085117721704,3.1793113511272275,1.1454183891285297,0.4421952518673106,-0.4718381843201894,-8.055850894712485,5.0,81.1,20.3,0.5050047015671622,24.7,79.5725, QC,7.427777777777778,18.397777777777776,6.322222222222222,2.205555555555556
170827,2023-06-03,159,2024-02-27,2023,4,1,True,269,0.7991853779320439,1.838017262146489,1.9787137966675337,0.1859534993755275,2.9228720101918766,36.46812552742616,0.5978811876099215,3.107365236782746,1.1184785963464774,0.2833831750660039,-0.4602965178785329,-7.72253316865054,5.0,81.1,20.3,0.49293966853136,24.7,80.01958333333333, QC,7.233333333333333,18.594514767932488,6.283966244725738,2.2236286919831225
150995,2023-05-05,159,2023-10-17,2023,4,1,True,165,0.9954650082717428,1.4691357989827274,2.385528747221401,0.1983246671157977,2.8284128633971912,48.01543417366947,0.4456169028604657,5.659044650831153,0.1167405757345539,0.4496176159879541,-0.8070571225794809,-7.940010630864025,6.0,84.8,17.9,0.4736195430971002,24.3,101.56541666666668, QC,10.864705882352942,16.91848739495798,4.345378151260505,2.7058823529411766
65905,2022-05-31,159,2024-03-05,2023,4,1,True,644,0.9944924965204894,1.5971880665509004,2.4757266339546384,0.1801301006974693,2.815487729007665,48.36533028455285,0.4446331187876794,3.474720976593153,0.4586822977264991,0.5787213875934976,-0.7224419284307803,-7.653868412405787,6.0,71.0,26.2,0.4875787086005556,25.7,104.69666666666669, QC,11.890243902439025,16.701219512195124,4.939024390243903,2.703252032520325
157057,2023-05-14,159,2024-03-05,2023,4,1,True,296,0.962518308058585,1.585538212677973,2.4146231731010546,0.1813642439276808,2.858407200508565,45.16007575757576,0.7126212946850358,4.298444738536078,0.1503883262949691,0.5379203152736639,-0.9874471440951148,-7.739901219779938,6.0,71.0,18.2,0.4613736277663592,24.6,100.76166666666668, QC,11.185454545454546,17.433636363636364,4.881818181818182,2.618181818181818
160752,2023-05-19,159,2024-04-01,2023,4,1,False,318,0.8912581091059215,1.7675163786034167,2.1344600021079776,0.1780559409607283,2.8688240691830726,41.85039285714286,0.8876626802067357,3.680573086885778,0.7121119582172595,0.7074766505269445,-0.4949850235782465,-7.786939612528637,6.0,81.1,17.2,0.4934596542864206,24.3,102.46041666666667, QC,8.452380952380953,17.616190476190475,5.856190476190476,2.4380952380952383
69134,2022-06-05,159,2024-04-01,2023,4,1,False,666,1.0108979299810263,1.490640276879416,2.3989385569173804,0.1742699863525878,2.8095066668404183,49.071700542005416,0.3618224141698337,5.585641949378558,0.3543081176780394,0.5805248598530212,-0.7855338139221782,-7.9019219710575,6.0,84.8,23.2,0.4811034087702165,24.3,101.56541666666668, QC,11.01138211382114,16.601626016260163,4.439837398373984,2.747967479674797
191177,2023-07-14,159,2024-03-28,2023,4,1,False,258,0.7621867176247085,1.6463203366194477,2.2817676611619597,0.1893422810652218,2.90735250248406,33.68675170068028,0.2881479385505979,2.649041240309534,0.1882738906254425,0.1819481726411306,-0.1035374446844573,-6.318468913090573,4.0,52.6,16.8,0.4717672490348688,24.0,73.03041666666667, QC,9.793877551020408,18.308163265306124,5.187755102040816,2.142857142857143
75663,2022-06-23,159,2024-03-05,2023,4,1,True,621,1.0167974380540252,1.544291813804771,2.4526943769530702,0.187043112437611,2.814343111213492,48.21487804878049,0.4393660590498967,4.305678946104409,0.2340593561770139,0.4204586558979009,-0.7754691903376407,-7.773593967250944,6.0,71.0,23.2,0.4974952346714739,24.6,100.76166666666668, QC,11.61951219512195,16.682113821138213,4.684552845528455,2.7642276422764227
68016,2022-06-02,159,2024-03-05,2023,4,1,True,642,1.0029773858669426,1.6170709827123693,2.374499016544606,0.1766060024620465,2.79920243433401,48.39765018066848,0.4008808453971836,4.348012615185567,0.4057513590036914,0.6134239251319443,-0.7130747973956127,-7.756392019609629,6.0,84.8,24.3,0.5392651511862494,24.8,102.46041666666667, QC,10.745528455284552,16.431436314363143,5.038211382113821,2.7262872628726287
160753,2023-05-19,159,2023-10-29,2023,4,1,True,163,0.8912581091059215,1.7675163786034167,2.1344600021079776,0.187486147158549,2.8688240691830726,41.85039285714286,0.8876626802067357,3.680573086885778,0.7121119582172595,0.5867568786790781,-0.4949850235782465,-7.786939612528637,6.0,81.1,17.2,0.5249530467736552,24.3,102.46041666666667, QC,8.452380952380953,17.616190476190475,5.856190476190476,2.4380952380952383
160674,2023-05-19,159,2024-03-05,2023,4,1,True,291,0.9370658086903298,1.5751628920128695,2.3505681288019105,0.1858924606656372,2.8788294753749035,44.720682539682535,0.6692028816274012,5.3634424782327175,0.1930945686340217,0.4582277525079378,-0.6722562993953215,-7.850068235232302,6.0,84.8,17.9,0.4839465728874652,24.3,101.56541666666668, QC,10.491428571428573,17.793333333333333,4.831428571428572,2.552380952380952
191286,2023-07-14,159,2024-04-01,2023,4,1,False,262,0.7621867176247085,1.6463203366194477,2.2817676611619597,0.1703370396057583,2.90735250248406,33.68675170068028,0.2881479385505979,2.649041240309534,0.1882738906254425,0.6609619818597899,-0.1035374446844574,-6.318468913090573,4.0,52.6,16.8,0.5171666027720908,24.0,73.03041666666667, QC,9.793877551020408,18.308163265306124,5.187755102040816,2.142857142857143
156704,2023-05-12,159,2024-03-05,2023,4,1,True,298,0.9718984201509708,1.5813896401960352,2.4237047780615564,0.1665875062219715,2.854318467603113,45.692354910714286,0.6564848450194322,4.320019903432096,0.1459334295462373,0.4947955473746119,-0.9410172312385494,-7.739887342373915,6.0,71.0,18.2,0.4150774767860942,24.6,100.76166666666668, QC,11.2875,17.3625,4.861607142857143,2.642857142857143
75608,2022-06-23,159,2024-03-05,2023,4,1,True,621,0.9668181616336752,1.591348858988429,2.421447862987773,0.1813922387877233,2.8512282481118327,45.470589657738095,0.577927034536033,4.236403218066099,0.2258543895418476,0.3522187660062699,-0.8905630780274064,-7.824323927618712,6.0,71.0,23.2,0.4669024350060666,24.6,100.76166666666668, QC,11.26205357142857,17.30892857142857,4.910267857142857,2.6294642857142856
65911,2022-05-31,159,2024-03-05,2023,4,1,True,644,0.9944924965204894,1.5971880665509004,2.4757266339546384,0.1850073786785305,2.815487729007665,48.36533028455285,0.4446331187876794,3.474720976593153,0.4586822977264991,0.6179009324642839,-0.7224419284307803,-7.653868412405787,6.0,71.0,26.2,0.4934596542864206,25.7,104.69666666666669, QC,11.890243902439025,16.701219512195124,4.939024390243903,2.703252032520325
75567,2022-06-23,159,2024-03-05,2023,4,1,True,621,0.9668181616336752,1.591348858988429,2.421447862987773,0.1880364323174777,2.8512282481118327,45.470589657738095,0.577927034536033,4.236403218066099,0.2258543895418476,0.6278404605702413,-0.8905630780274064,-7.824323927618712,6.0,71.0,23.2,0.4934596542864206,24.6,100.76166666666668, QC,11.26205357142857,17.30892857142857,4.910267857142857,2.6294642857142856
182052,2023-06-20,159,2024-03-05,2023,4,1,True,259,0.8394824681080659,1.7835231321183491,2.381709317874407,0.1900711168603353,2.95520083327995,37.42153538812785,0.984873686226391,3.9192550894840377,-0.0525812788356482,0.4602702124276266,-0.1483344219279658,-7.493608294528439,5.0,71.0,16.7,0.4475997681545504,24.6,79.96041666666666, QC,10.823287671232878,19.2054794520548,5.950684931506849,2.315068493150685
160751,2023-05-19,159,2024-04-01,2023,4,1,False,318,0.8912581091059215,1.7675163786034167,2.1344600021079776,0.1900141686845552,2.8688240691830726,41.85039285714286,0.8876626802067357,3.680573086885778,0.7121119582172595,0.4265316142715961,-0.4949850235782465,-7.786939612528637,6.0,81.1,17.2,0.4795039758204678,24.3,102.46041666666667, QC,8.452380952380953,17.616190476190475,5.856190476190476,2.4380952380952383
182404,2023-06-20,159,2024-03-05,2023,4,1,True,259,0.8394824681080659,1.7835231321183491,2.381709317874407,0.1874431607036328,2.95520083327995,37.42153538812785,0.984873686226391,3.9192550894840377,-0.0525812788356482,0.3182871378244762,-0.1483344219279658,-7.493608294528439,5.0,71.0,16.7,0.498282297159701,24.6,79.96041666666666, QC,10.823287671232878,19.2054794520548,5.950684931506849,2.315068493150685
65912,2022-06-01,159,2024-03-05,2023,4,1,True,643,0.9944924965204894,1.5971880665509004,2.4757266339546384,0.1877875482599426,2.815487729007665,48.36533028455285,0.4446331187876794,3.474720976593153,0.4586822977264991,0.5246222129133227,-0.7224419284307803,-7.653868412405787,6.0,71.0,26.2,0.4915285718583517,25.7,104.69666666666669, QC,11.890243902439025,16.701219512195124,4.939024390243903,2.703252032520325
192430,2023-07-20,159,2024-03-28,2023,4,1,False,252,0.7831411151034525,1.5985756011472825,2.331353748771721,0.1769698438510148,2.8885455816469587,32.240436274509804,0.1974619266073298,1.7317008423208309,0.0779602128228348,0.5950325193362676,-0.0481809002004665,-5.915508312712274,4.0,29.4,16.7,0.4872530611766547,24.0,68.53, QC,10.291764705882352,17.967058823529413,4.945882352941176,2.188235294117648
192438,2023-07-20,159,2024-04-01,2023,4,1,False,256,0.7831411151034525,1.5985756011472825,2.331353748771721,0.1982036759001665,2.8885455816469587,32.240436274509804,0.19746192660733,1.7317008423208309,0.0779602128228349,0.566109987233385,-0.0481809002004665,-5.9155083127122765,4.0,29.4,16.7,0.4717672490348688,24.0,68.53, QC,10.291764705882352,17.967058823529413,4.945882352941176,2.188235294117648
75732,2022-06-23,159,2024-03-05,2023,4,1,True,621,1.0167974380540252,1.544291813804771,2.4526943769530702,0.1841928712172392,2.814343111213492,48.21487804878049,0.4393660590498967,4.305678946104409,0.2340593561770139,0.5551743948422286,-0.7754691903376407,-7.773593967250944,6.0,71.0,23.2,0.4809116393663355,24.6,100.76166666666668, QC,11.61951219512195,16.682113821138213,4.684552845528455,2.7642276422764227
193750,2023-08-02,159,2023-09-02,2023,4,1,True,31,0.7259853893090927,1.5433194772226408,2.1826860702150968,0.2096759152551168,2.8539824399650384,40.35615277777778,0.7555625334189197,1.3086742249713397,0.2569150172395358,0.4443075144668019,-0.4461651183915301,0.3780296320334143,4.0,19.5,14.7,0.4926083742912714,20.8,68.47041666666667, QC,8.870000000000001,17.35666666666667,4.680000000000001,2.066666666666667
172119,2023-06-06,159,2024-03-05,2023,4,1,True,273,0.8224028504685842,1.7716519563785382,2.3564076745421016,0.1757526796121344,2.9147270865622765,37.773975095785445,0.908775489746176,3.932707312713255,0.057907290030665,0.4734650079903095,-0.7183745796442736,-8.010784318432107,5.0,71.0,16.7,0.4619594033364549,24.6,79.96041666666666, QC,10.552873563218393,18.44367816091954,5.880459770114943,2.2758620689655173
192432,2023-07-20,159,2024-04-01,2023,4,1,False,256,0.7831411151034525,1.5985756011472825,2.331353748771721,0.1831271971243304,2.8885455816469587,32.240436274509804,0.1974619266073298,1.7317008423208309,0.0779602128228349,0.5778456267900187,-0.0481809002004665,-5.915508312712274,4.0,29.4,16.7,0.5378029695611959,24.0,68.53, QC,10.291764705882352,17.967058823529413,4.945882352941176,2.188235294117648
192459,2023-07-20,159,2024-03-28,2023,4,1,False,252,0.7831411151034525,1.5985756011472825,2.331353748771721,0.1938756066809044,2.8885455816469587,32.240436274509804,0.1974619266073299,1.7317008423208304,0.0779602128228349,0.5504403100731078,-0.0481809002004666,-5.9155083127122765,4.0,29.4,16.7,0.4884809388617465,24.0,68.53, QC,10.291764705882352,17.967058823529413,4.945882352941176,2.188235294117648
191676,2023-07-17,159,2024-03-05,2023,4,1,True,232,0.7765747884410289,1.5089187983522967,2.39592614165567,0.1788926306025703,2.899274761903086,34.045987318840574,-0.006164981818848,1.4019059056434064,-0.0275524612355909,0.4338230420013416,-0.1921667456886108,-6.105139944344982,4.0,23.3,16.8,0.4900665364822674,22.3,73.03041666666667, QC,10.978260869565217,18.16086956521739,4.521739130434782,2.1739130434782608
76526,2022-06-26,159,2024-03-26,2023,4,1,False,639,1.0932110071069143,1.6652299098640393,2.4247756010968824,0.1774840117602942,2.837192647107384,47.18869664634146,0.4232579724036784,3.812467063129049,0.7708461396775564,0.4572096765177372,-0.712246938733685,-7.887038741266912,7.0,84.8,30.7,0.4985233720295463,27.4,102.46041666666667, QC,11.29959349593496,17.067682926829267,5.286788617886178,2.983739837398374
67026,2022-06-01,159,2024-03-05,2023,4,1,True,643,0.9823899247736536,1.5907477490472517,2.432551816557652,0.1958547777212721,2.8156824271538725,48.38629065040651,0.3228917826964578,4.250753028037264,0.619147351152226,0.4375552643569814,-0.7406615784575762,-7.711065266265319,6.0,84.8,28.1,0.5191556567826264,25.1,101.56541666666668, QC,11.38780487804878,16.70447154471545,4.907317073170732,2.6707317073170733
65904,2022-05-31,159,2024-03-05,2023,4,1,True,644,0.9944924965204894,1.5971880665509004,2.4757266339546384,0.1778523985630979,2.815487729007665,48.36533028455285,0.4446331187876794,3.474720976593153,0.4586822977264991,0.4532835678509551,-0.7224419284307803,-7.653868412405787,6.0,71.0,26.2,0.4875787086005556,25.7,104.69666666666669, QC,11.890243902439025,16.701219512195124,4.939024390243903,2.703252032520325
156709,2023-05-12,159,2024-03-05,2023,4,1,True,298,0.9395327107589224,1.61245804208357,2.4041587150182786,0.1800185836926436,2.8735172391831734,44.00246870109546,0.6979107554622759,4.238839170598933,0.1438615071087405,0.3269517907086688,-0.9158921687810156,-7.834948963585084,6.0,71.0,18.2,0.4649318206859438,24.6,100.76166666666668, QC,11.06901408450704,17.69906103286385,5.015023474178404,2.558685446009389
